NodeID,ZoneID,XCoord,YCoord,Description,EMME_Description,2023_Capacity,Project_Year,New_Spaces,Imp_Capacity,Source
1361,1361,1206035,120390,Gig Harbor P&R,NGIG,306,,,306,
1362,1362,1241470,35025,Roy P&R,ROYY,100,,,100,
1363,1363,1274490,54765,Closed,SHIL,0,,,0,
1364,1364,1241613,58696.08,Parkland P&R,PRKL,62,,,62,
1365,1365,1229565,64074.52,I 5/SR 512 P&R,LKWD,1093,,,1093,Includes Lakewood Sounder Station Parking Garage
1366,1366,1227320,89820,Center Street P&R,CTRS,75,,,75,
1367,1367,1235211,79321.24,South Tacoma West P&R,TACW,78,,,78,
1368,1368,1236327,79491.17,South Tacoma East II,TCE1,44,,,44,
1369,1369,1217450,97995,Narrows/Skyline P&R,NRWS,195,,,195,
1370,1370,1196455,147170,Purdy P&R,PRDY,200,,,200,
1371,1371,1272140,109335,South Federal Way P&R,SFED,515,,,515,
1372,1372,1267995,111245,Sunrise United Methodist Church,SVBP,25,,,25,
1373,1373,1373895,316640,Sultan P&R,SULT,38,,,38,
1374,1374,1276380,117320,Federal Way/S 320 St P&R,FEDW,877,,,877,
1375,1375,1294747,120372.3,Auburn P&R,AUBR,358,,,358,
1376,1376,1277085,134070,Star Lake P&R,STLK,0,2024,1100,1100,Sound Transit New Link Station Parking
1377,1377,1305215,144170,Kent Churches ,KNTU,63,,,63,
1378,1378,1279987,145218.8,Kent Des Moines P&R,KDMN,370,2024,500,870,Sound Transit New Link Station Parking
1379,1379,1291220,143940,Kent/James St P&R,KENT,713,,,713,
1380,1380,1268454,175001.9,Burien TC P&R,BURN,504,,,504,
1381,1381,1284697,180535.4,Tukwila P&R,TUKW,255,,,255,
1382,1382,1340410,146420,Maple Valley P&R,MPLV,122,,,122,
1383,1383,1299038,175401.3,South Renton P&R,SREN,385,2024,700,1085,Sound Transit Stride Parking Garage
1384,1384,1300372,178313.1,Renton Transit Center P&R,RENT,300,,,300,
1385,1385,1306578,187322.4,St. Matthew Lutheran Church,RENH,128,,,128,
1386,1386,1336870,200050,Issaquah Transit Center P&R,ISSQ,819,,,819,
1387,1387,1295375,217950.6,Mercer Island P&R,MCRI,447,,,447,No new Link Parking
1388,1388,1291657,217931.8,Mercer Island United Methodist Church,MCRP,18,,,18,
1389,1389,1305796,206007.7,Newport Hills P&R,NPTH,275,,,275,
1390,1390,1308304,204299,Newport Hills Community Church,NHBP,37,,,37,
1391,1391,1310434,208776.6,Newport Covenant Church,NHCV,75,,,75,
1392,1392,1305825,217107.5,South Bellevue P&R,SBEL,1500,,,1500,
1393,1393,1306915,222925,Wilburton P&R,WILB,186,,,186,
1394,1394,1314903,214602.6,Eastgate P&R,ESTG,1614,,,1614,
1395,1395,1293699,235071.1,Evergreen Point Bridge P&R,EPBR,48,,,48,
1396,1396,1300681,228020.3,Grace Lutheran Church,GRCE,50,,,50,
1397,1397,1304527,237926.4,South Kirkland P&R,SKRK,833,,,833,
1398,1398,1319000,233570,Overlake P&R,OVRL,203,,,203,
1399,1399,1307495,246240,Houghton P&R (Closed),HOUG,0,,,0,
1400,1400,1274811,279071.3,Aurora Church of the Nazarene/Buddha Jewel Monastery,BTHL,156,,,156,
1401,1401,1322530,249278.6,Redmond Transit Center P&R,RDMD,377,,,377,No new Link Parking
1402,1402,1296325,229802.5,Closed,STOM,0,,,0,
1403,1403,1237407,158569.1,Valley Center P&R,VASC,55,,,55,
1404,1404,1327214,248515.9,Bear Creek P&R,BRCR,344,,,344,
1405,1405,1307005,264310.8,Kingsgate P&R,KNGG,502,2024,600,1102,Sound Transit Stride Parking Garage
1406,1406,1307018,273221.4,Brickyard P&R,BRKY,443,,,443,
1407,1407,1293871,279795,Kenmore P&R,KENM,603,2033,300,903,Sound Transit Stride Parking Garage
1408,1408,1289155,280060,The Vine Church,BBAP,75,,,75,
1409,1409,1303668,280084.1,Bothell P&R,BOTH,220,2033,300,520,Sound Transit Stride Parking Garage
1410,1410,1316315,278496.8,Woodinville P&R,WDNV,438,,,438,
1411,1411,1269152,185396.1,Olson/Myers P&R,OLSM,100,,,100,
1412,1412,1263363,212593.4,SW Spokane Street P&R,SPKN,55,,,55,
1413,1413,1274467,249822.8,Green Lake P&R,GRNL,411,,,411,
1414,1414,1273429,259585.9,Thornton Place Garage,NGAT,350,,,350,
1415,1415,1272795,259749.2,Northgate Transit Center P&R,NSEA,1310,,,1310,
1416,1416,1273592,272095.4,Shoreline/145th Link Station P&R,NJKP,0,2024,500,500,Sound Transit New Link Station Parking
1417,1417,1278919,271347.6,Price of Peace Lutheran Church/Shorline United Methodist Church,LKEL,40,,,40,
1418,1418,1268964,281723.6,Shoreline P&R,SHRL,393,,,393,
1419,1419,1238445,170296.3,Ober Park P&R,OBER,57,,,57,
1420,1420,1278150,290608.9,Closed,MNTT,0,,,0,
1421,1421,1278141,291390.1,Bethesda Lutheran Church,BTLU,30,,,30,
1422,1422,1260120,300205,Edmonds Station P&R,EDFY,259,,,259,
1423,1423,1272390,297185.7,Edmonds P&R,EDMN,255,,,255,
1424,1424,1281760,301040,Lynnwood Transit Center P&R,LYNW,1896,2024,500,2396,Sound Transit New Link Station Parking
1425,1425,1286000,313600,Swamp Creek P&R,SWMP,446,,,446,
1426,1426,1295815,323900.9,Mariner P&R,MRNR,644,,,644,
1427,1427,1356654,273562.2,Duvall P&R,DUVL,49,,,49,
1428,1428,1330701,341656.3,Snohomish P&R,SNOH,102,,,102,
1429,1429,1310247,387529.7,Marysville Ash Ave P&R,MRYV,276,,,276,
1430,1430,1309181,404983.1,Marysville II P&R,NMRY,57,,,57,
1431,1431,1324896,438925.2,Arlington P&R,ARLT,25,,,25,
1432,1432,1296687,454719.2,Stanwood P&R,STNW,178,,,178,
1433,1433,1355644,318906.3,Monroe P&R,MONR,103,,,103,
1434,1434,1276299,119018.9,Federal Way Transit Center P&R,FWTC,1192,2024,400,1592,Sound Transit New Link Station Parking
1435,1435,1199340,199672.7,Port Orchard P&R,PTOR,199,,,199,
1436,1436,1198641,233160.3,McWilliams Road P&R,MCWL,151,,,151,
1437,1437,1223775,243258.1,Island Church/East Day Road,SPTM,82,,,82,
1438,1438,1197075,273217.2,Gateway Fellowship Church,CHRM,138,,,138,
1439,1439,1216105,272825,Suquamish United Church of Christ,SUQA,65,,,65,
1440,1440,1275470,70796.61,Puyallup Red Lot P&R,PUYP,319,,,319,
1441,1441,1248461,74205.25,72nd Street Transit Center P&R,PORT,68,,,68,
1442,1442,1244558,91801.35,Tacoma Dome Transit Center P&R,TDOM,2283,,,2283,
1443,1443,1302285,191700.2,Kennydale United Methodist Church,RENB,50,,,50,
1444,1444,1352075,207542.8,Klahanie P&R,KLAH,60,,,60,
1445,1445,1269561,286251.6,Aurora Village Transit Center P&R,AURV,202,,,202,
1446,1446,1270844,279560.2,Korean Zion Presbyterian Church,ANAZ,25,,,25,
1447,1447,1310125,159722.5,NW Life Church/Nativity Lutheran Church/New Life Church,FRWD,99,,,99,
1448,1448,1309994,134406.5,Lake Meridian P&R,LMRD,172,,,172,
1449,1449,1311231,425236.7,Smokey Point Community Church,SMPT,50,,,50,
1450,1450,1304175,336924.7,Eastmont P&R,EMNT,389,,,389,
1451,1451,1299498,324581.6,McCollum Park P&R,MCCL,409,,,409,
1452,1452,1301914,292744,Canyon Park P&R,CAPK,298,,,298,
1453,1453,1268824,289663,United Presbyterian Church of Seattle/Edmonds Lutheran Church,KRNP,71,,,71,
1454,1454,1221469,300335.1,George's Corner P&R,CCRN,225,,,225,
1455,1455,1192846,282321.5,North Viking P&R,CNAZ,265,,,265,
1456,1456,1220643,236189.8,Bethany Lutherand Church,BIAL,80,,,80,
1457,1457,1173080,192510,Belfair Assembly of God Church,FGOS,40,,,40,
1458,1458,1225300,188795,Harper Church,HEVA,462,,,462,
1459,1459,1198455,176409.7,Mullenix/SR 16 P&R,MLNX,92,,,92,
1460,1460,1189915,38790.13,DuPont P&R,768,126,,,126,
1461,1461,1219997,93314.02,TCC Transit Center P&R,TCC ,95,,,95,
1462,1462,1290277,313959.9,Ash Way P&R,SWMP,1019,,,1019,
1463,1463,1304167,66563.91,Bonney Lake P&R,772,356,,,356,
1464,1464,1280696,172940.2,Tukwila International Blvd Station P&R,775,600,,,600,
1465,1465,1273948,62259.24,South Hill P&R,776,354,,,354,
1466,1466,1236334,79784.26,South Tacoma East I ,TCE2,33,,,33,
1467,1467,1273960,268615,5th Ave NE/NE 133rd St P&R,NJKP,46,,,46,
1468,1468,1348427,205068.8,Issaquah Highlands P&R,ISHL,1010,,,1010,
1469,1469,1329202,367458,Lake Stevens P&R,780,207,,,207,
1470,1470,1272630,212610,Spokane St/Airport Way P&R,SPAP,25,,,25,
1471,1471,1367595,194295,Preston P&R,PRES,53,,,53,
1472,1472,1228710,295862.9,Bayside Community Church,BAYS,210,,,210,
1473,1473,1261667,111168.2,Twin Lake P&R,TWLK,600,,,600,
1474,1474,1191791,212046.4,Gateway Center P&R,BREM,104,,,104,
1475,1475,1343575,215003.1,South Sammamish P&R,SSAM,265,,,265,
1476,1476,1291853,171197.3,Tukwila Sounder Station P&R,TKST,390,,,390,
1477,1477,1306344,358513.5,Everett Station P&R,EVCR,1067,,,1067,
1478,1478,1289785,76270.15,Sumner Station P&R,805,302,2025,500,802,
1479,1479,1293739,143512.8,Kent Station P&R,KENT,996,2027,534,1530,Sound Transit Parking Expansion
1480,1480,1293580,115258.4,Auburn Station P&R,AUBG,636,2027,550,1186,Sound Transit Project Plan
1481,1481,1306420,250560,Kirkland Way P&R,715,20,,,20,
1482,1482,1276262,290293.6,Mountlake Terrance Transit Center P&R,MLKT,890,,,890,No new Link Parking
1483,1483,1276712,75171.78,Puyallup Station P&R,820,1044,,,1044,
1484,1484,1286560,112885,Peasley Canyon Road/West Valley Highway,PSCY,54,,,54,
1485,1485,1297821,177555.8,Renton Fred Meyer,RENE,117,,,117,
1486,1486,1320083,237630.9,Redmond Technology Station P&R,OVTC,0,2024,300,300,Sound Transit New Link Station Parking
1487,1487,1188299,214460.6,Bremerton United Methodist Church,774,53,,,53,
1488,1488,1310728,390514.5,Marysville Cedar and Grove,841,222,,,222,
1489,1489,1274669,133034.8,Redondo Heights P&R,ROND,697,,,697,
1490,1490,1306230,113010,SR 18/Aubrun ,18AB,26,,,26,
1491,1491,1231385,294865.3,Kingston Ferry Terminal,KNGS,73,,,73,
1492,1492,1228706,191045.4,Southworth Ferry Terminal,STHW,340,,,340,
1493,1493,1308682,423664,I 5/SR 531 P&R,SMKY,62,,,62,
1494,1494,1301460,330395,South Everett P&R,715,399,,,399,
1495,1495,1303971,197378,NE 44th Street P&R,1495,0,2024,200,200,Sound Transit Stride Parking Lot
1496,1496,1296740,229858.4,Closed,1496,0,,,0,
1497,1497,1311641,230763.1,130th Ave NE P&R,130P,0,2024,300,300,Sound Transit New Link Station Parking
1498,1498,1326185,245979.5,Southeast Redmond Station P&R,MARY,0,2024,1400,1400,Sound Transit New Link Station Parking
1499,1499,1274256,282167,Shoreline/185th Link Station P&R,185P,0,2024,500,500,Sound Transit New Link Station Parking
1500,1500,1278076,157419.8,Angle Lake Link Station P&R,ANGL,1160,,,1160,
1501,1501,1285166,278370.1,Lake Forest Park Stride P&R,LKFP,0,2030,300,300,Sound Transit Stride Parking Garage
