record,year,htkpro,htkatt,BKRCastTAZ
1,2014,81.83,67.03200000000001,1271
1,2014,1.67,1.368,1272
2,2014,21.0,16.0,1271
3,2014,32.1,28.3,1271
4,2014,5.0489999999999995,11.385,1270
4,2014,0.051,0.115,1273
5,2014,73.2,58.3,1270
6,2014,0.358,0.43200000000000005,1269
6,2014,35.442,42.768,1270
7,2014,0.4,0.5,1270
8,2014,1.6580000000000001,1.6840000000000002,1269
8,2014,164.142,166.716,1270
9,2014,0.222,0.278,1268
9,2014,10.878,13.622,1271
10,2014,21.266,21.266,1267
10,2014,0.434,0.434,1271
11,2014,0.97,0.388,1266
11,2014,0.03,0.012,1267
12,2014,0.0,0.0,1266
13,2014,0.7,1.7,1267
14,2014,8.835,6.46,1267
14,2014,0.4650000000000001,0.34,1268
15,2014,78.8,88.4,1268
16,2014,84.6,100.8,1268
17,2014,8.0,18.6,1269
18,2014,6.336,5.742,1269
18,2014,0.064,0.057999999999999996,1270
19,2014,0.94,1.504,1269
19,2014,0.03,0.048,1270
19,2014,0.03,0.048,1344
20,2014,1.9,3.0,1344
21,2014,4.6,10.8,1344
22,2014,24.8,14.3,1269
23,2014,67.4,43.0,1269
24,2014,38.1,24.4,1269
25,2014,12.1,21.4,1268
26,2014,1.7360000000000002,1.8620000000000003,1264
26,2014,10.664,11.438,1267
27,2014,0.8,1.2,1267
28,2014,3.395,2.7159999999999997,1266
28,2014,0.105,0.08399999999999999,1267
29,2014,1.5,6.3,1266
30,2014,8.4,6.0,1265
31,2014,0.41200000000000003,0.204,1264
31,2014,9.888,4.896,1265
32,2014,0.414,0.303,1264
32,2014,13.386000000000001,9.796999999999999,1265
33,2014,48.0,22.3,1264
34,2014,27.4,22.3,1264
35,2014,44.3,41.0,1262
36,2014,21.0,21.6,1261
37,2014,26.5,26.8,1261
38,2014,26.6,27.7,1344
39,2014,1.3,1.1,1344
40,2014,1.7,1.3,1344
41,2014,21.4,20.2,1343
42,2014,5.4,8.2,1343
43,2014,0.297,0.495,1343
43,2014,0.003,0.005,1344
44,2014,12.6,10.7,1343
45,2014,10.3,3.9,1261
46,2014,9.009,14.652000000000001,1261
46,2014,0.091,0.14800000000000002,1262
47,2014,49.1,40.7,1262
48,2014,3.3,4.3,1262
49,2014,7.1,5.7,1265
50,2014,18.2,27.2,1265
51,2014,6.555,4.845,1265
51,2014,0.34500000000000003,0.255,1266
52,2014,31.5,8.6,1266
53,2014,0.0,0.0,1258
53,2014,0.0,0.0,1266
54,2014,39.6,37.6,1258
55,2014,22.0,21.5,1263
56,2014,10.7,8.6,1263
57,2014,13.44,7.008,1263
57,2014,0.56,0.292,1265
58,2014,1.566,3.654,1263
58,2014,0.234,0.546,1265
59,2014,117.0,116.1,1263
60,2014,98.4,52.7,1264
61,2014,18.0,48.9,1262
62,2014,1.1,0.4,1262
63,2014,0.7,0.4,1262
64,2014,188.3,173.2,1343
65,2014,126.9,131.4,1343
66,2014,45.4,38.2,1260
67,2014,63.4,68.2,1260
68,2014,34.3,46.3,1260
69,2014,1.548,2.132,1260
69,2014,37.152,51.16799999999999,1262
70,2014,134.1,117.5,1262
71,2014,89.49,110.96,1259
71,2014,4.71,5.84,1264
72,2014,108.0,116.3,1259
73,2014,99.5,127.4,1259
74,2014,28.9,61.7,1260
75,2014,6.5,8.1,1345
76,2014,3.267,1.881,1345
76,2014,0.033,0.019,1348
77,2014,45.0,46.5,1345
78,2014,9.8,20.9,1345
79,2014,15.5,19.7,1345
80,2014,40.194,40.391999999999996,1342
80,2014,0.406,0.408,1345
81,2014,1.6,4.8,1342
82,2014,238.23800000000003,237.32800000000003,1342
82,2014,23.562,23.472,1345
83,2014,3.4020000000000006,4.536,1342
83,2014,0.798,1.0639999999999998,1345
84,2014,25.7,24.4,1342
85,2014,23.1,12.2,1342
86,2014,11.8,12.9,1341
87,2014,26.4,30.8,1257
88,2014,33.8,32.1,1257
89,2014,0.9,3.5,1257
90,2014,108.375,34.595,1255
90,2014,19.125,6.105,1257
91,2014,6.6,2.7,1257
92,2014,0.154,0.11800000000000001,1254
92,2014,15.246,11.682,1257
93,2014,8.1,1.8,1257
94,2014,49.0,68.2,1257
95,2014,59.8,48.3,1341
96,2014,19.998,10.692,1341
96,2014,10.302000000000001,5.508,1342
97,2014,1.4,0.7,1342
98,2014,1.272,2.19,1340
98,2014,19.716,33.945,1341
98,2014,0.212,0.365,1342
99,2014,65.475,34.144,1340
99,2014,2.025,1.056,1342
100,2014,0.23500000000000001,0.7859999999999999,1339
100,2014,23.265,77.814,1340
101,2014,1.6280000000000001,1.8519999999999999,1339
101,2014,39.072,44.44799999999999,1340
102,2014,48.6,103.8,1339
103,2014,6.18,11.86,1339
103,2014,117.41999999999999,225.33999999999997,1340
104,2014,67.9,45.2,1339
105,2014,288.1,103.5,1339
106,2014,14.344000000000001,15.048000000000002,1256
106,2014,1.956,2.052,1339
107,2014,129.4,137.3,1256
108,2014,0.902,1.176,1250
108,2014,0.451,0.588,1253
108,2014,43.747,57.035999999999994,1256
109,2014,157.0,90.2,1256
110,2014,117.3,126.5,1256
111,2014,1.067,0.713,1253
111,2014,104.566,69.874,1254
111,2014,1.067,0.713,1256
112,2014,0.4,1.8,1254
113,2014,6.7,11.9,1255
114,2014,14.2,16.3,1255
115,2014,3.3,2.4,1255
116,2014,1.4,7.2,1255
117,2014,18.7,25.4,1254
118,2014,80.3,37.5,1254
119,2014,38.3,44.0,1339
120,2014,15.707999999999998,26.208,1339
120,2014,2.992,4.992,1345
121,2014,12.8,9.0,1339
122,2014,35.9,79.2,1339
123,2014,4.8,10.8,1249
124,2014,106.0,195.5,1248
125,2014,1.6,3.3950000000000005,1247
125,2014,30.4,64.505,1249
126,2014,1.463,2.451,1248
126,2014,5.159000000000001,8.643,1338
126,2014,1.078,1.8060000000000003,1339
127,2014,91.9,70.1,1248
128,2014,146.775,78.375,1248
128,2014,7.7250000000000005,4.125,1339
129,2014,31.3,17.6,1249
130,2014,0.8640000000000001,1.268,1247
130,2014,20.736,30.432,1249
131,2014,22.0,44.3,1248
132,2014,0.534,2.634,1250
132,2014,8.366,41.266,1251
133,2014,0.447,0.528,1249
133,2014,0.596,0.7040000000000001,1250
133,2014,13.708,16.192000000000004,1251
133,2014,0.149,0.17600000000000002,1252
134,2014,16.8,24.3,1250
135,2014,4.5569999999999995,11.109,1248
135,2014,17.143,41.791000000000004,1250
136,2014,2.6,3.34,1248
136,2014,0.65,0.835,1249
136,2014,9.75,12.524999999999999,1250
137,2014,6.3,21.9,1249
138,2014,54.6,49.6,1250
139,2014,35.8,23.8,1250
140,2014,9.592,8.624,1250
140,2014,0.654,0.588,1251
140,2014,0.654,0.588,1253
141,2014,4.968,5.864999999999999,1251
141,2014,2.232,2.635,1253
142,2014,16.4,9.6,1251
143,2014,0.49600000000000005,2.862,1251
143,2014,49.104,283.33799999999997,1253
144,2014,1.8559999999999999,0.976,1247
144,2014,21.344,11.224,1249
145,2014,81.5,42.3,1252
146,2014,27.2,14.6,1252
147,2014,22.692,15.066999999999998,1252
147,2014,14.508000000000001,9.633000000000001,1253
148,2014,0.522,0.225,1247
148,2014,2.6100000000000003,1.125,1249
148,2014,49.068,21.15,1252
149,2014,9.1,27.4,1249
150,2014,58.3,37.2,1254
151,2014,1.2,1.5,1254
152,2014,12.5,5.6,1254
153,2014,0.8,1.0,1255
154,2014,0.0,0.0,1255
155,2014,3.2,5.1,1246
156,2014,15.0,7.1,1246
157,2014,536.6,308.6,1246
158,2014,1.323,0.954,1245
158,2014,42.777,30.846,1247
159,2014,32.1,49.3,1247
160,2014,116.9,118.9,1245
161,2014,60.3,62.6,1245
162,2014,218.3,283.8,1245
163,2014,500.7,530.4,1245
164,2014,229.7,215.4,1245
165,2014,583.6,491.6,1245
166,2014,66.5,55.9,1245
167,2014,37.8,28.5,1245
168,2014,49.6,46.3,1244
169,2014,3.5,7.9,1244
170,2014,54.3,48.7,1244
171,2014,24.21,20.25,1338
171,2014,0.269,0.225,1339
171,2014,2.421,2.025,1345
172,2014,4.6,2.1,1338
173,2014,32.5,25.4,1338
174,2014,35.7,63.0,1338
175,2014,9.4,2.3,1338
176,2014,85.4,94.3,1338
177,2014,8.1,16.3,1338
178,2014,0.9,2.9,1338
179,2014,24.255,38.808,1338
179,2014,0.245,0.392,1355
180,2014,31.991999999999997,29.433000000000003,1245
180,2014,3167.2079999999996,2913.867,1338
181,2014,68.1,61.6,1338
182,2014,120.6,97.4,1244
183,2014,2.1,5.4,1244
184,2014,847.2,815.0,1244
185,2014,1.98,6.336,1243
185,2014,0.02,0.064,1244
186,2014,103.6,104.3,1243
187,2014,5.247,4.455,1243
187,2014,0.053,0.045,1244
188,2014,30.7,32.3,1243
189,2014,88.8,79.7,1338
190,2014,0.7000000000000001,0.33799999999999997,1338
190,2014,69.3,33.461999999999996,1355
191,2014,0.8,0.8,1355
192,2014,36.3,31.3,1355
193,2014,0.227,0.254,1338
193,2014,22.473,25.145999999999997,1355
194,2014,578.0,552.7,1355
195,2014,4.25,3.91,1338
195,2014,8.25,7.590000000000001,1355
196,2014,4.633,4.427,1245
196,2014,458.66700000000003,438.27299999999997,1355
197,2014,302.6,264.6,1355
198,2014,37.1,18.0,1243
199,2014,11.5,11.8,1355
200,2014,1.4,1.9,1243
201,2014,13.2,18.7,1243
202,2014,7.78,7.640000000000001,1335
202,2014,70.02,68.76,1355
203,2014,0.833,0.846,1335
203,2014,82.467,83.75399999999999,1355
204,2014,73.1,77.0,1355
205,2014,3.8,1.1,1355
206,2014,5.9,4.5,1355
207,2014,64.2,65.3,1355
208,2014,11.0,7.7,1355
209,2014,7.1,2.4,1355
210,2014,0.061,0.045,1337
210,2014,6.039,4.455,1355
211,2014,26.2,8.4,1355
212,2014,0.3,3.5,1241
213,2014,195.9,165.7,1241
214,2014,54.7,45.9,1241
215,2014,1.7,1.2,1241
216,2014,0.0,0.0,1240
216,2014,0.0,0.0,1241
217,2014,3.2,1.9,1355
218,2014,0.015,0.012,1337
218,2014,0.485,0.388,1355
219,2014,0.7,0.5,1274
220,2014,4.6,5.0,1274
221,2014,81.242,83.3,1273
221,2014,1.6580000000000001,1.7,1275
222,2014,29.105999999999998,40.689,1272
222,2014,0.294,0.41100000000000003,1276
223,2014,17.1,16.8,1272
224,2014,34.8,35.2,1272
225,2014,19.3,24.3,1272
226,2014,5.8,6.9,1273
227,2014,42.075,65.835,1273
227,2014,0.425,0.665,1274
228,2014,8.7,11.1,1274
229,2014,0.378,0.45799999999999996,1273
229,2014,18.522,22.441999999999997,1274
230,2014,0.0,0.0,1274
231,2014,63.9,58.3,1273
232,2014,34.5,27.9,1272
233,2014,8.7,6.5,1272
234,2014,16.4,17.5,1272
235,2014,54.0,61.3,1272
236,2014,6.6,7.0,916
237,2014,76.4,45.3,916
238,2014,87.8,104.1,916
239,2014,26.4,36.7,917
240,2014,10.4,11.8,917
241,2014,0.756,0.831,1277
241,2014,74.844,82.26899999999999,918
242,2014,6.9,10.9,911
243,2014,188.9,191.2,911
244,2014,14.971,10.054,871
244,2014,19.054000000000002,12.796000000000001,872
244,2014,10.888,7.312,873
244,2014,14.971,10.054,878
244,2014,19.054000000000002,12.796000000000001,879
244,2014,6.805,4.57,880
244,2014,8.165999999999999,5.484,881
244,2014,8.165999999999999,5.484,882
244,2014,17.693,11.882000000000001,883
244,2014,16.331999999999997,10.968,884
245,2014,2.3,3.5,893
246,2014,8.262,7.317000000000001,886
246,2014,4.59,4.065,887
246,2014,7.956,7.046,888
246,2014,1.224,1.084,889
246,2014,8.568000000000001,7.588000000000001,909
247,2014,0.174,0.111,905
247,2014,17.226,10.988999999999999,912
248,2014,24.5,20.9,859
249,2014,18.44,20.92,865
249,2014,22.128,25.104,866
249,2014,34.114,38.702,867
249,2014,16.596,18.828,868
249,2014,0.922,1.046,881
250,2014,4.65,2.48,812
250,2014,1.575,0.84,813
250,2014,1.2750000000000001,0.68,814
251,2014,0.03,0.009,899
251,2014,0.97,0.291,915
252,2014,1.1,0.9,914
253,2014,0.17200000000000001,0.301,832
253,2014,0.052000000000000005,0.091,835
253,2014,0.05600000000000001,0.098,836
253,2014,0.020000000000000004,0.034999999999999996,838
253,2014,0.028000000000000004,0.049,839
253,2014,0.036,0.063,840
253,2014,0.036,0.063,841
254,2014,0.478,0.39,847
254,2014,22.465999999999998,18.33,848
254,2014,21.988,17.94,849
254,2014,2.868,2.34,850
255,2014,3.225,6.665,819
255,2014,0.9750000000000001,2.015,820
255,2014,1.2,2.48,821
255,2014,1.7999999999999998,3.7199999999999998,822
255,2014,0.3,0.62,825
256,2014,0.515,0.5599999999999999,826
256,2014,2.1630000000000003,2.352,827
256,2014,1.7510000000000003,1.904,828
256,2014,1.6480000000000001,1.7919999999999998,830
256,2014,1.6480000000000001,1.7919999999999998,831
256,2014,2.472,2.6879999999999997,832
256,2014,0.10300000000000001,0.11199999999999999,834
257,2014,1.584,1.36,787
257,2014,9.108,7.82,788
257,2014,7.3260000000000005,6.29,789
257,2014,1.782,1.53,791
258,2014,68.706,77.02199999999999,771
258,2014,0.6940000000000001,0.778,790
259,2014,49.97,45.125,784
259,2014,2.6300000000000003,2.375,796
260,2014,5.663000000000001,4.151,739
260,2014,15.371,11.267,741
260,2014,30.742,22.534,742
260,2014,12.135,8.895,750
260,2014,16.989,12.453,751
261,2014,60.164,57.772,781
261,2014,55.536,53.327999999999996,782
262,2014,1.236,1.503,731
262,2014,0.41200000000000003,0.501,732
262,2014,0.8240000000000001,1.002,755
262,2014,6.5920000000000005,8.016,756
262,2014,9.064,11.022,757
262,2014,4.532,5.511,758
262,2014,1.6480000000000001,2.004,759
262,2014,4.532,5.511,760
262,2014,1.6480000000000001,2.004,761
262,2014,2.472,3.006,762
262,2014,8.24,10.020000000000001,763
263,2014,19.720000000000002,22.202,1019
263,2014,14.5,16.325,1020
263,2014,13.92,15.671999999999999,1021
263,2014,3.48,3.9179999999999997,1022
263,2014,6.38,7.183,1023
264,2014,0.6160000000000001,0.36400000000000005,1000
264,2014,0.8580000000000001,0.507,1001
264,2014,0.44000000000000006,0.26,998
264,2014,0.28600000000000003,0.169,999
265,2014,5.66,2.68,703
265,2014,1.9810000000000003,0.9380000000000002,704
265,2014,2.2640000000000002,1.072,705
265,2014,3.6790000000000003,1.7420000000000002,706
265,2014,2.83,1.34,707
265,2014,1.415,0.67,737
265,2014,1.698,0.8039999999999999,738
265,2014,3.113,1.474,743
265,2014,3.6790000000000003,1.7420000000000002,744
265,2014,1.9810000000000003,0.9380000000000002,745
266,2014,0.519,0.48,690
266,2014,9.688,8.96,698
266,2014,7.093,6.56,699
267,2014,0.16899999999999998,0.136,711
267,2014,5.069999999999999,4.08,713
267,2014,2.8729999999999998,2.3120000000000003,714
267,2014,3.042,2.448,715
267,2014,2.8729999999999998,2.3120000000000003,716
267,2014,2.8729999999999998,2.3120000000000003,717
268,2014,1.9889999999999999,1.014,119
268,2014,0.408,0.20800000000000002,120
268,2014,0.051,0.026000000000000002,121
268,2014,0.51,0.26,122
268,2014,0.7649999999999999,0.39,123
268,2014,0.5609999999999999,0.28600000000000003,124
268,2014,0.306,0.156,131
268,2014,0.51,0.26,132
269,2014,0.162,0.114,1091
269,2014,0.324,0.228,986
269,2014,15.713999999999999,11.058,987
270,2014,1.133,0.993,130
270,2014,1.133,0.993,944
270,2014,45.32,39.72,945
270,2014,1.133,0.993,946
270,2014,1.133,0.993,952
270,2014,40.788,35.748,953
270,2014,22.66,19.86,954
271,2014,0.49600000000000005,0.32,957
271,2014,0.21700000000000003,0.14,958
271,2014,0.186,0.12,959
271,2014,0.43400000000000005,0.28,976
271,2014,0.9920000000000001,0.64,977
271,2014,0.403,0.26,978
271,2014,0.372,0.24,979
272,2014,12.834,12.518999999999998,228
272,2014,35.65,34.775,941
272,2014,94.116,91.806,947
273,2014,2.075,2.775,247
273,2014,2.075,2.775,248
273,2014,2.075,2.775,249
273,2014,2.075,2.775,250
274,2014,0.217,0.186,970
274,2014,0.154,0.132,971
274,2014,0.32899999999999996,0.282,973
275,2014,2.665,2.353,262
275,2014,2.46,2.172,263
275,2014,1.0250000000000001,0.9050000000000001,264
275,2014,2.0500000000000003,1.8100000000000003,267
275,2014,3.895,3.4390000000000005,268
275,2014,2.46,2.172,966
275,2014,5.125,4.525,967
275,2014,0.8200000000000001,0.7240000000000001,968
276,2014,1.568,1.504,1298
276,2014,1.421,1.363,295
276,2014,1.1270000000000002,1.0810000000000002,296
276,2014,0.784,0.752,297
277,2014,0.489,0.459,214
277,2014,2.445,2.295,216
277,2014,4.564000000000001,4.284000000000001,217
277,2014,4.564000000000001,4.284000000000001,218
277,2014,3.423,3.213,219
277,2014,0.163,0.153,221
277,2014,0.652,0.612,224
278,2014,6.930000000000001,7.252000000000001,239
278,2014,7.425,7.77,240
278,2014,2.9699999999999998,3.1079999999999997,241
278,2014,12.375,12.95,242
278,2014,8.91,9.324,243
278,2014,1.98,2.072,244
278,2014,5.9399999999999995,6.215999999999999,245
278,2014,2.9699999999999998,3.1079999999999997,246
279,2014,8.676,7.038,303
279,2014,5.3020000000000005,4.301,304
279,2014,2.892,2.346,305
279,2014,3.3740000000000006,2.7370000000000005,306
279,2014,5.784,4.692,307
279,2014,7.23,5.865,309
279,2014,10.122,8.211,310
279,2014,4.82,3.91,315
280,2014,11.362,13.34,321
280,2014,11.856,13.92,322
280,2014,0.247,0.29,345
280,2014,1.235,1.4500000000000002,346
281,2014,7.28,7.2,350
281,2014,18.654999999999998,18.45,351
281,2014,10.465,10.35,352
281,2014,9.1,9.0,353
282,2014,1.596,1.1039999999999999,335
282,2014,1.596,1.1039999999999999,336
282,2014,1.064,0.736,337
282,2014,1.596,1.1039999999999999,338
282,2014,1.064,0.736,339
282,2014,2.793,1.9319999999999997,340
282,2014,1.33,0.9199999999999999,342
282,2014,0.133,0.092,533
282,2014,0.133,0.092,535
282,2014,1.729,1.196,636
282,2014,0.133,0.092,637
282,2014,0.133,0.092,638
283,2014,0.924,0.357,403
283,2014,0.924,0.357,404
283,2014,1.056,0.408,407
283,2014,4.752,1.8359999999999999,408
283,2014,5.544,2.142,409
284,2014,1.334,1.2650000000000001,399
284,2014,0.754,0.7150000000000001,411
284,2014,1.1019999999999999,1.045,412
284,2014,1.508,1.4300000000000002,413
284,2014,1.1019999999999999,1.045,414
285,2014,8.376000000000001,7.664,416
285,2014,98.41799999999999,90.05199999999999,417
285,2014,58.632000000000005,53.648,418
285,2014,43.974,40.236,419
286,2014,3.885,2.64,206
286,2014,4.662,3.168,207
286,2014,1.036,0.7040000000000001,208
286,2014,1.295,0.8800000000000001,209
286,2014,4.144,2.8160000000000003,210
286,2014,2.072,1.4080000000000001,211
286,2014,4.144,2.8160000000000003,212
286,2014,3.367,2.2880000000000003,213
286,2014,1.295,0.8800000000000001,374
287,2014,1.649,2.108,379
287,2014,4.462,5.704000000000001,380
287,2014,2.425,3.1,381
287,2014,1.164,1.488,394
288,2014,3.2889999999999997,3.08,101
288,2014,2.99,2.8000000000000003,102
288,2014,2.99,2.8000000000000003,103
288,2014,2.99,2.8000000000000003,104
288,2014,12.258999999999999,11.479999999999999,105
288,2014,2.691,2.52,111
288,2014,1.7939999999999998,1.68,97
288,2014,0.8969999999999999,0.84,98
289,2014,0.8640000000000001,0.9920000000000001,180
289,2014,1.2420000000000002,1.4260000000000002,181
289,2014,1.5120000000000002,1.7360000000000002,182
289,2014,1.6740000000000002,1.922,184
289,2014,0.10800000000000001,0.12400000000000001,86
290,2014,30.624000000000002,23.984,144
290,2014,7.656000000000001,5.996,145
290,2014,17.226,13.491,146
290,2014,7.656000000000001,5.996,147
290,2014,11.484,8.994,148
290,2014,15.312000000000001,11.992,149
290,2014,9.57,7.495000000000001,150
290,2014,17.226,13.491,152
290,2014,13.398000000000001,10.493000000000002,153
290,2014,5.742,4.497,154
290,2014,9.57,7.495000000000001,155
290,2014,5.742,4.497,156
290,2014,13.398000000000001,10.493000000000002,157
290,2014,13.398000000000001,10.493000000000002,158
290,2014,13.398000000000001,10.493000000000002,159
291,2014,0.365,0.42,419
291,2014,4.745,5.46,434
291,2014,6.205,7.140000000000001,451
291,2014,8.395,9.66,452
291,2014,11.68,13.44,453
291,2014,5.11,5.880000000000001,454
292,2014,0.085,0.078,407
292,2014,0.255,0.23399999999999999,408
292,2014,0.34,0.312,409
292,2014,1.1900000000000002,1.092,455
292,2014,0.42500000000000004,0.39,478
292,2014,0.765,0.702,479
292,2014,1.02,0.9359999999999999,480
292,2014,4.42,4.056,482
293,2014,3.475,2.55,22
293,2014,3.7530000000000006,2.754,23
293,2014,1.8070000000000002,1.3259999999999998,27
293,2014,1.5290000000000001,1.1219999999999999,28
293,2014,3.336,2.448,29
294,2014,6.890000000000001,5.239,18
294,2014,6.890000000000001,5.239,20
294,2014,6.359999999999999,4.835999999999999,21
294,2014,6.359999999999999,4.835999999999999,26
294,2014,13.25,10.075,30
294,2014,6.359999999999999,4.835999999999999,31
294,2014,6.890000000000001,5.239,32
295,2014,1.95,0.675,10
295,2014,1.95,0.675,7
295,2014,1.95,0.675,8
295,2014,1.95,0.675,9
296,2014,0.91,1.872,2
296,2014,0.7000000000000001,1.4400000000000002,3
296,2014,1.68,3.456,4
296,2014,1.75,3.6,44
296,2014,1.9600000000000002,4.032000000000001,45
297,2014,0.12400000000000001,0.11599999999999999,16
297,2014,0.6200000000000001,0.58,441
297,2014,0.8680000000000001,0.812,442
297,2014,3.3480000000000003,3.132,443
297,2014,4.836,4.524,444
297,2014,2.604,2.436,463
298,2014,0.371,0.43400000000000005,466
298,2014,0.636,0.744,467
298,2014,2.279,2.666,468
298,2014,2.014,2.3560000000000003,658
299,2014,0.732,1.356,482
299,2014,3.5989999999999998,6.667,485
299,2014,0.7929999999999999,1.469,486
299,2014,0.366,0.678,487
299,2014,0.366,0.678,488
299,2014,0.244,0.452,489
300,2014,7.524000000000001,4.872999999999999,58
300,2014,8.208,5.316,59
300,2014,12.312000000000001,7.973999999999999,73
300,2014,9.576000000000002,6.202,74
300,2014,8.208,5.316,75
300,2014,22.572000000000003,14.619,76
301,2014,0.065,0.025,47
301,2014,0.156,0.06,48
301,2014,0.312,0.12,49
301,2014,0.156,0.06,50
301,2014,0.312,0.12,52
301,2014,0.29900000000000004,0.115,53
302,2014,43.758,9.306000000000001,619
302,2014,0.44200000000000006,0.094,681
303,2014,2.03,3.5959999999999996,625
303,2014,1.4000000000000001,2.4800000000000004,626
303,2014,0.07,0.12400000000000001,633
304,2014,26.1,31.7,1242
305,2014,3.7,4.2,1242
306,2014,1.8,6.5,1242
307,2014,2.4,1.1,1242
308,2014,11.2,7.7,1242
309,2014,3.7380000000000004,2.31,565
309,2014,3.2039999999999997,1.98,592
309,2014,0.534,0.33,593
309,2014,2.136,1.32,594
309,2014,1.6019999999999999,0.99,600
309,2014,5.34,3.3000000000000003,601
309,2014,4.005,2.475,602
309,2014,4.272,2.64,603
309,2014,0.8009999999999999,0.495,604
309,2014,0.534,0.33,605
309,2014,0.534,0.33,607
310,2014,0.132,0.114,610
310,2014,1.32,1.1400000000000001,612
310,2014,2.112,1.824,613
310,2014,1.122,0.9690000000000001,614
310,2014,0.594,0.513,615
310,2014,1.32,1.1400000000000001,616
311,2014,3.9480000000000004,3.22,494
311,2014,14.664,11.96,495
311,2014,9.024,7.36,496
311,2014,0.564,0.46,497
312,2014,7.665000000000001,6.545000000000001,490
312,2014,8.76,7.48,491
312,2014,8.76,7.48,492
312,2014,2.19,1.87,499
312,2014,6.569999999999999,5.609999999999999,501
312,2014,19.71,16.83,502
312,2014,8.76,7.48,503
312,2014,6.569999999999999,5.609999999999999,504
312,2014,5.4750000000000005,4.675,505
312,2014,5.4750000000000005,4.675,506
312,2014,7.665000000000001,6.545000000000001,507
312,2014,14.235000000000001,12.155000000000001,508
312,2014,3.2849999999999997,2.8049999999999997,509
312,2014,2.19,1.87,510
312,2014,2.19,1.87,511
313,2014,0.0,0.0,519
313,2014,0.0,0.0,520
313,2014,0.0,0.0,521
313,2014,0.0,0.0,575
313,2014,0.0,0.0,576
313,2014,0.0,0.0,577
314,2014,0.252,0.126,522
314,2014,0.22799999999999998,0.11399999999999999,523
314,2014,0.072,0.036,524
314,2014,0.156,0.078,531
314,2014,0.396,0.198,553
314,2014,0.096,0.048,554
315,2014,0.055999999999999994,0.044000000000000004,559
315,2014,0.098,0.07700000000000001,568
315,2014,0.13999999999999999,0.11000000000000001,569
315,2014,0.308,0.24200000000000002,570
315,2014,0.294,0.231,571
315,2014,0.33599999999999997,0.264,572
315,2014,0.041999999999999996,0.033,582
315,2014,0.126,0.099,583
316,2014,3.069,2.914,537
316,2014,3.2670000000000003,3.1020000000000003,538
316,2014,3.564,3.384,539
317,2014,9.146,9.078000000000001,643
317,2014,17.754,17.622,644
318,2014,2.7359999999999998,3.534,641
318,2014,2.064,2.666,643
319,2014,5.1,6.0,650
320,2014,28.3,16.0,1231
321,2014,32.5,23.7,1231
322,2014,46.1,36.0,1233
323,2014,228.0,215.3,1238
324,2014,215.3,197.3,1237
325,2014,46.3,26.9,1234
326,2014,25.2,34.3,1232
327,2014,0.546,0.441,1232
327,2014,54.054,43.659,1235
328,2014,3.0,3.2,1235
329,2014,7.2,8.9,1236
330,2014,0.0,0.0,1236
331,2014,17.6,19.3,1329
332,2014,5.1,15.0,1328
333,2014,0.002,0.008,1236
333,2014,0.002,0.008,1315
333,2014,0.196,0.784,1328
334,2014,0.06999999999999999,0.06,1239
334,2014,1.3299999999999998,1.14,1240
335,2014,0.20800000000000002,0.16,1238
335,2014,4.992,3.84,1239
336,2014,0.242,0.281,1237
336,2014,23.232,26.976,1239
336,2014,0.726,0.843,1240
337,2014,9.506,17.557000000000002,1240
337,2014,0.294,0.543,1241
338,2014,13.5,6.9,1240
339,2014,346.5,347.5,1239
340,2014,1027.7,1101.5,1330
341,2014,156.0,156.2,1333
342,2014,402.5,367.4,1333
343,2014,37.904,38.424,1240
343,2014,4.738,4.803,1241
343,2014,4.738,4.803,1333
343,2014,426.42,432.27000000000004,1335
344,2014,59.655,53.932,1335
344,2014,1.845,1.668,1355
345,2014,96.5,98.0,1335
346,2014,498.9,463.0,1335
347,2014,37.125,37.521,1336
347,2014,0.375,0.379,1355
348,2014,114.7,107.5,1336
349,2014,2.772,4.851,1336
349,2014,0.027999999999999997,0.049,1355
350,2014,66.7,85.9,1336
351,2014,1.1,1.0,1336
352,2014,1.3719999999999999,1.078,1335
352,2014,0.027999999999999997,0.022000000000000002,1336
353,2014,12.0,9.5,1335
354,2014,3.6,12.2,1335
355,2014,180.8,186.1,1333
356,2014,14.0,18.4,1333
357,2014,23.814000000000004,21.681,1334
357,2014,64.386,58.619,1335
358,2014,100.7,50.5,1336
359,2014,10.2,5.4,1336
360,2014,173.7,211.3,1337
361,2014,78.4,84.2,1337
362,2014,1.5510000000000002,0.8250000000000001,1334
362,2014,3.1490000000000005,1.675,1336
363,2014,72.5,59.1,1334
364,2014,54.1,47.2,1334
365,2014,55.8,47.523,1333
365,2014,124.19999999999999,105.777,1334
366,2014,44.9,45.5,1333
367,2014,9.8,11.0,1333
368,2014,502.7,521.9,1333
369,2014,1.8719999999999999,1.828,1333
369,2014,185.32799999999997,180.972,1334
370,2014,22.0,17.2,1333
371,2014,28.2,15.5,1333
372,2014,0.4,1.1,1334
373,2014,8.4,14.7,1334
374,2014,58.4,48.2,1334
375,2014,1.048,1.048,1333
375,2014,51.352,51.352,1334
376,2014,52.8,75.1,1334
377,2014,11.2,10.9,1333
378,2014,92.7,102.9,1333
379,2014,37.635999999999996,40.546,1332
379,2014,1.164,1.2539999999999998,1334
380,2014,8.5,13.6,1332
381,2014,2.5,3.7,1332
382,2014,99.2,91.2,1332
383,2014,89.6,74.9,1332
384,2014,0.7150000000000001,1.4040000000000001,1325
384,2014,0.275,0.54,1327
384,2014,4.51,8.856,1332
385,2014,762.993,755.6669999999999,1327
385,2014,7.707000000000001,7.633,1333
386,2014,764.7,767.6,1327
387,2014,941.7,1045.1,1327
388,2014,1487.7,1535.2,1327
389,2014,22.4,23.1,1327
390,2014,18.6,24.4,1327
391,2014,37.5,38.4,1327
392,2014,5.8,6.1,1315
393,2014,23.3,20.4,1327
394,2014,2.5,2.3,1315
395,2014,1.1,0.6,1315
396,2014,5.0,3.9,1327
397,2014,1.2,1.0,1315
398,2014,7.742,3.822,1315
398,2014,0.158,0.078,1326
399,2014,33.2,29.1,1327
400,2014,0.0,0.0,1327
401,2014,1.0070000000000001,0.883,1325
401,2014,99.693,87.417,1327
402,2014,25.4,26.7,1327
403,2014,35.2,28.5,1326
404,2014,28.2,27.5,1325
405,2014,0.7,0.9,1325
406,2014,72.4,89.3,1325
407,2014,791.4,737.1,1325
408,2014,40.984,57.058,1325
408,2014,2.616,3.642,1332
409,2014,964.3,881.5,1325
410,2014,15.484,8.33,1325
410,2014,0.316,0.17,1331
411,2014,56.1,58.6,1325
412,2014,2.5,4.8,1331
413,2014,1.9040000000000001,1.9640000000000002,1325
413,2014,44.744,46.153999999999996,1331
413,2014,0.9520000000000001,0.9820000000000001,1332
414,2014,16.0,20.8,1331
415,2014,13.2,25.3,1331
416,2014,73.6,93.6,1331
417,2014,9.7,8.2,1331
418,2014,0.183,0.132,1324
418,2014,5.917,4.268,1331
419,2014,21.9,17.7,1331
420,2014,50.7,50.5,1324
421,2014,194.3,182.2,1324
422,2014,100.68599999999999,128.23399999999998,1324
422,2014,3.114,3.9659999999999993,1352
423,2014,1.3,0.8,1324
424,2014,6.1,7.0,1324
425,2014,15.423,9.7,1324
425,2014,0.477,0.3,1331
426,2014,6.6,6.8,1324
427,2014,39.3,33.5,1324
428,2014,21.8,15.2,1324
429,2014,44.176,46.112,1324
429,2014,6.024,6.287999999999999,1352
430,2014,21.3,24.2,1325
431,2014,4.143,3.0389999999999997,1320
431,2014,133.957,98.261,1325
432,2014,0.588,0.894,1320
432,2014,9.212,14.006,1325
433,2014,448.0,445.5,1325
434,2014,388.1,378.8,1325
435,2014,510.9,502.3,1325
436,2014,11.9,13.6,1325
437,2014,0.558,0.894,1317
437,2014,18.042,28.906,1325
438,2014,0.612,0.87,1317
438,2014,9.588,13.629999999999999,1325
439,2014,61.3,68.4,1325
440,2014,190.4,187.9,1325
441,2014,628.0,610.4,1325
442,2014,29.9,26.4,1325
443,2014,6.9,5.9,1325
444,2014,199.9,217.2,1325
445,2014,0.204,0.21600000000000003,1320
445,2014,4.896,5.184,1325
446,2014,0.038,0.07,1317
446,2014,3.7239999999999998,6.859999999999999,1325
446,2014,0.038,0.07,1353
447,2014,51.3,36.1,1325
448,2014,8.2,6.1,1317
449,2014,2.7,2.5,1317
450,2014,19.011999999999997,8.036,1317
450,2014,0.38799999999999996,0.16399999999999998,1325
451,2014,1.6560000000000001,1.104,1317
451,2014,0.14400000000000002,0.096,1325
452,2014,1.7,4.2,1317
453,2014,0.5,0.7,1317
454,2014,19.9,26.3,1317
455,2014,3.0,3.0,1317
456,2014,14.3,14.1,1317
457,2014,88.3,79.1,1317
458,2014,14.5,15.7,1311
459,2014,0.3,0.5,1317
460,2014,0.457,0.45299999999999996,1316
460,2014,45.243,44.846999999999994,1317
461,2014,0.5920000000000001,0.623,1311
461,2014,58.608000000000004,61.677,1317
462,2014,3.1,3.1,1326
463,2014,20.9,13.8,1326
464,2014,79.4,110.6,1326
465,2014,3.1,1.4,1315
466,2014,0.3,0.3,1315
467,2014,0.0,0.0,1315
468,2014,9.7,1.4,1314
469,2014,12.7,15.3,1314
470,2014,0.219,0.217,1236
470,2014,21.680999999999997,21.483,1315
471,2014,3.4,7.1,1315
472,2014,9.6,5.3,1315
473,2014,0.8,2.0,1315
474,2014,13.629999999999999,13.254,1313
474,2014,0.87,0.846,1316
475,2014,6.4,7.0,1313
476,2014,0.7,1.9,1312
477,2014,8.7,11.9,1312
478,2014,0.052000000000000005,0.034,1315
478,2014,2.548,1.666,1316
479,2014,1.6,1.4,1316
480,2014,70.62,62.92000000000001,1312
480,2014,2.568,2.2880000000000003,1313
480,2014,55.212,49.192,1316
481,2014,22.638,20.874,1316
481,2014,0.462,0.42600000000000005,1326
482,2014,11.074,15.582,1316
482,2014,0.226,0.318,1317
483,2014,297.8,340.9,1303
484,2014,15.9,12.8,1308
485,2014,6.633,5.0489999999999995,1308
485,2014,0.067,0.051,1314
486,2014,18.6,23.9,1309
487,2014,10.4,9.7,1298
488,2014,8.463000000000001,16.368000000000002,1300
488,2014,0.637,1.2320000000000002,1301
489,2014,221.6,224.2,1301
490,2014,50.5,37.8,1299
491,2014,129.69,188.595,1304
491,2014,1.31,1.905,1305
492,2014,1.095,1.25,1299
492,2014,20.804999999999996,23.75,1302
493,2014,0.285,0.27299999999999996,1299
493,2014,9.12,8.735999999999999,1302
493,2014,0.095,0.091,1304
494,2014,1.3,1.9,1200
495,2014,0.0,0.0,1201
496,2014,0.0,0.0,1201
497,2014,2.7,2.1,1207
498,2014,13.2,11.6,1202
499,2014,12.538,11.526,1091
499,2014,125.38,115.25999999999999,1092
499,2014,131.649,121.02299999999998,1093
499,2014,50.152,46.104,1094
499,2014,75.228,69.15599999999999,1095
499,2014,150.456,138.31199999999998,1096
499,2014,81.497,74.919,1097
500,2014,0.385,0.20600000000000002,1128
500,2014,38.115,20.394000000000002,1211
501,2014,78.6,91.1,1213
502,2014,10.8,17.2,1212
503,2014,0.003,0.009000000000000001,1213
503,2014,0.297,0.891,1215
504,2014,7.0,35.5,1297
505,2014,6.4,3.3,1297
506,2014,46.134,66.627,1297
506,2014,0.466,0.6729999999999999,1299
507,2014,221.0,240.9,1199
508,2014,5.6,4.3,1199
509,2014,16.7,17.8,1200
510,2014,10.9,6.1,1199
511,2014,26.535,22.185,1189
511,2014,0.61,0.51,877
511,2014,3.355,2.805,886
512,2014,0.0,0.0,1196
513,2014,1.739,0.888,1177
513,2014,2.914,1.488,1178
513,2014,0.047,0.024,1192
514,2014,0.0,0.0,1195
515,2014,4.656,3.5639999999999996,1082
515,2014,3.1039999999999996,2.376,1083
515,2014,3.88,2.97,1084
515,2014,5.432,4.158,1085
515,2014,3.88,2.97,1086
515,2014,5.432,4.158,1087
515,2014,5.432,4.158,1088
515,2014,30.264,23.166,1089
515,2014,4.656,3.5639999999999996,1090
515,2014,4.656,3.5639999999999996,1091
515,2014,1.5519999999999998,1.188,1096
515,2014,4.656,3.5639999999999996,1098
516,2014,3.975,4.035,1019
516,2014,59.625,60.525,1024
516,2014,254.4,258.24,1025
516,2014,3.975,4.035,1026
516,2014,3.975,4.035,1027
516,2014,3.975,4.035,1028
516,2014,67.575,68.595,1187
517,2014,1.554,0.624,1153
517,2014,4.662,1.8719999999999999,1162
517,2014,12.432,4.992,1163
517,2014,11.655,4.68,1164
517,2014,17.094,6.864,1165
517,2014,10.878000000000002,4.368,1166
517,2014,11.655,4.68,1167
517,2014,7.7700000000000005,3.12,1168
518,2014,0.17600000000000002,0.539,1041
518,2014,1.4240000000000002,4.361000000000001,1139
519,2014,0.986,0.20400000000000001,1150
519,2014,0.87,0.18,1151
519,2014,0.841,0.174,1155
519,2014,0.203,0.042,1156
520,2014,67.0,72.7,1295
521,2014,2.9,9.1,1295
522,2014,18.1,24.0,1296
523,2014,10.2,5.0,1305
524,2014,130.1,127.8,1307
525,2014,10.094000000000001,8.918,1306
525,2014,0.20600000000000002,0.182,1307
526,2014,37.4,45.0,1306
527,2014,34.1,48.9,1310
528,2014,741.8,790.7,1306
529,2014,365.3,420.2,1311
530,2014,25.4,37.4,1311
531,2014,31.330999999999996,41.322,1282
531,2014,0.9689999999999999,1.278,1283
532,2014,43.4,32.1,1282
533,2014,84.6,98.5,1282
534,2014,17.9,11.1,1282
535,2014,26.0,31.5,1283
536,2014,119.1,104.0,1282
537,2014,26.4,25.7,1282
538,2014,58.6,39.3,1282
539,2014,7.1,6.6,1282
540,2014,32.6,22.9,1282
541,2014,63.95399999999999,57.123000000000005,1281
541,2014,0.6459999999999999,0.5770000000000001,1282
542,2014,17.0,20.7,1281
543,2014,2.4,2.2,1281
544,2014,87.6,76.8,1281
545,2014,685.3,697.2,1281
546,2014,3.3,3.5,1281
547,2014,0.0,0.0,1281
548,2014,257.3,268.2,1281
549,2014,7.1,13.3,1281
550,2014,0.079,0.068,1278
550,2014,7.821000000000001,6.732,1283
551,2014,20.394000000000002,22.275,1278
551,2014,0.20600000000000002,0.225,1292
552,2014,8.5,7.0,1278
553,2014,9.6,18.3,1278
554,2014,2.5,1.6,1278
555,2014,24.7,18.2,1278
556,2014,97.911,92.66399999999999,1278
556,2014,0.9890000000000001,0.9359999999999999,1279
557,2014,79.6,92.3,1278
558,2014,140.941,157.625,1280
558,2014,4.359,4.875,1281
559,2014,67.5,71.0,1280
560,2014,76.7,50.8,1280
561,2014,2.8,3.8,1280
562,2014,105.7,96.6,1280
563,2014,117.9,115.2,1280
564,2014,225.79199999999997,237.40800000000002,1280
564,2014,9.408,9.892000000000001,1281
565,2014,29.892,28.482,1280
565,2014,1.908,1.818,1281
566,2014,64.8,58.5,1280
567,2014,16.3,16.6,1280
568,2014,110.4,115.3,1280
569,2014,136.8,131.0,1280
570,2014,0.9,0.6,1280
571,2014,26.4,32.6,1280
572,2014,0.588,0.784,1279
572,2014,0.012,0.016,1280
573,2014,14.895999999999999,18.032,1279
573,2014,0.304,0.368,1280
574,2014,13.6,5.6,1279
575,2014,5.1,9.0,1279
576,2014,13.034,9.8,1275
576,2014,0.266,0.2,1279
577,2014,18.6,29.8,1275
578,2014,18.0,15.1,1275
579,2014,0.6,0.8,1275
580,2014,32.3,38.5,1275
581,2014,31.8,39.8,1275
582,2014,25.4,24.4,1275
583,2014,28.1,31.0,1275
584,2014,7.1,12.9,1276
585,2014,4.6,3.0,1276
586,2014,15.7,14.6,1276
587,2014,108.2,107.4,1279
588,2014,61.5,60.6,1279
589,2014,38.5,48.1,1279
590,2014,13.7,14.1,1279
591,2014,147.4,161.6,1279
592,2014,14.8,14.4,1279
593,2014,15.939000000000002,24.354000000000003,1279
593,2014,0.161,0.24600000000000002,1280
594,2014,71.1,69.0,1279
595,2014,26.7,27.5,1279
596,2014,74.4,74.3,1279
597,2014,103.7,110.0,1276
598,2014,0.8,1.0,1276
599,2014,0.9,1.2,1276
600,2014,0.3,1.0,1276
601,2014,38.4,23.5,1276
602,2014,0.4,0.1,1276
603,2014,94.3,88.4,1276
604,2014,66.4,62.1,1278
605,2014,55.1,62.8,1278
606,2014,23.2,27.5,1278
607,2014,52.766999999999996,60.192,1277
607,2014,0.533,0.608,1278
608,2014,60.1,69.8,1277
609,2014,2.667,2.8030000000000004,1199
609,2014,2.667,2.8030000000000004,1200
609,2014,258.69899999999996,271.891,1277
609,2014,2.667,2.8030000000000004,1293
610,2014,28.0,30.3,1278
611,2014,2.1,3.6,1278
612,2014,0.0,0.0,1278
613,2014,11.2,13.3,1278
614,2014,3.4,5.6,1278
615,2014,96.9,105.7,1282
616,2014,15.246,9.306000000000001,1292
616,2014,0.154,0.094,1293
617,2014,4.4,5.3,1278
618,2014,22.2,18.9,1278
619,2014,25.542,23.562,1278
619,2014,0.258,0.23800000000000002,1292
620,2014,52.6,47.6,1278
621,2014,21.0,26.6,1293
622,2014,0.39,0.325,1278
622,2014,7.409999999999999,6.175,1293
623,2014,22.1,16.3,1293
624,2014,1.782,3.069,1293
624,2014,0.018000000000000002,0.031000000000000003,1294
625,2014,185.7,194.2,1292
626,2014,0.595,0.636,1290
626,2014,58.905,62.964,1292
627,2014,81.1,85.8,1292
628,2014,8.7,5.2,1291
629,2014,2.1,2.9,1291
630,2014,46.7,40.1,1290
631,2014,10.2,7.3,1290
632,2014,83.7,80.2,1289
633,2014,16.6,13.8,1289
634,2014,2.9,2.9,1289
635,2014,130.9,103.9,1289
636,2014,4.6,2.4,1289
637,2014,91.7,114.2,1289
638,2014,18.7,22.5,1289
639,2014,9.2,8.4,1289
640,2014,1.0,0.4,1289
641,2014,3.1,1.1,1287
642,2014,3.1,3.0,1287
643,2014,3.5,5.0,1287
644,2014,58.7,53.2,1287
645,2014,20.8,30.3,1287
646,2014,6.014,5.928,1284
646,2014,294.686,290.472,1287
647,2014,128.2,134.0,1287
648,2014,104.6,86.7,1287
649,2014,1.5,1.3,1287
650,2014,74.1,60.0,1287
651,2014,106.1,81.6,1287
652,2014,0.9,1.3,1287
653,2014,25.6,7.9,1284
654,2014,517.4,523.9,1284
655,2014,90.6,95.2,1284
656,2014,83.3,68.4,1284
657,2014,19.4,23.9,1284
658,2014,6.5,9.1,1284
659,2014,84.1,113.2,1285
660,2014,247.4,205.4,1285
661,2014,69.99300000000001,80.487,1285
661,2014,0.7070000000000001,0.813,1286
662,2014,578.6,564.4,1287
663,2014,1.024,1.138,1286
663,2014,50.176,55.762,1287
664,2014,1.386,1.98,1286
664,2014,0.013999999999999999,0.02,1288
665,2014,6.1,4.2,1286
666,2014,56.5,72.6,1288
667,2014,28.4,24.4,1288
668,2014,54.1,55.2,1286
669,2014,35.8,54.5,1294
670,2014,17.1,18.0,1294
671,2014,9.6,9.0,1294
672,2014,1.4,0.3,1352
673,2014,5.5,2.6,1352
674,2014,42.2,51.6,1352
675,2014,19.6,23.7,1352
676,2014,1169.4,1449.9,1352
677,2014,1144.9,1140.9,1352
678,2014,1418.2,1506.0,1352
679,2014,24.5,22.2,1323
680,2014,89.1,106.7,1352
681,2014,26.0,31.5,1323
682,2014,2.4,2.2,1323
683,2014,3.7,2.0,1352
684,2014,11.9,10.6,1323
685,2014,0.0,0.0,1352
686,2014,2.1,9.5,1323
687,2014,20.1,11.1,1323
688,2014,5.5,4.5,1323
689,2014,30.4,16.0,1323
690,2014,12.6,6.2,1323
691,2014,35.6,17.8,1323
692,2014,27.4,24.4,1323
693,2014,13.3,9.4,1323
694,2014,26.4,9.6,1323
695,2014,6.6,10.6,1323
696,2014,68.9,66.6,1323
697,2014,9.0,5.4,1323
698,2014,104.5,86.9,1323
699,2014,79.6,67.9,1323
700,2014,43.6,36.7,1323
701,2014,0.6,0.6,1323
702,2014,18.0,5.4,1323
703,2014,18.3,7.6,1323
704,2014,18.1,13.1,1323
705,2014,13.9,4.8,1323
706,2014,1.1,15.9,1323
707,2014,57.4,39.7,1323
708,2014,53.0,17.2,1323
709,2014,11.1,4.0,1323
710,2014,15.7,17.1,1323
711,2014,13.818,22.834,1323
711,2014,0.282,0.466,1351
712,2014,68.2,62.3,1323
713,2014,14.8,11.7,1323
714,2014,24.252,18.33,1350
714,2014,1.548,1.17,1351
715,2014,15.0,11.7,1350
716,2014,4.4,1.8,1350
717,2014,16.235999999999997,14.157,1350
717,2014,0.16399999999999998,0.14300000000000002,1352
718,2014,3.6,2.6,1350
719,2014,4.9,5.9,1350
720,2014,18.2,32.0,1350
721,2014,32.8,36.6,1350
722,2014,88.1,85.5,1351
723,2014,97.3,123.5,1351
724,2014,203.0,195.5,1351
725,2014,78.8,63.5,1351
726,2014,15.6,14.8,1351
727,2014,87.9,76.7,1351
728,2014,11.0,12.7,1351
729,2014,2.5,2.0,1351
730,2014,6.7,6.3,1351
731,2014,6.2,13.5,1351
732,2014,8.6,6.9,1351
733,2014,8.3,5.4,1351
734,2014,60.7,52.3,1351
735,2014,32.732,27.538,1350
735,2014,0.668,0.562,1351
736,2014,22.0,18.4,1350
737,2014,32.7,26.9,1350
738,2014,48.7,46.9,1350
739,2014,33.6,31.1,1350
740,2014,7.7,4.1,1350
741,2014,38.2,24.8,1318
742,2014,7.2,8.2,1353
743,2014,23.5,24.6,1353
744,2014,1.2,0.6,1353
745,2014,6.5,4.0,1353
746,2014,1.1,1.7,1318
747,2014,11.8,15.1,1318
748,2014,17.8,25.7,1353
749,2014,2.6,1.9,1353
750,2014,0.2,2.2,1353
751,2014,15.6,18.6,1353
752,2014,5.0,2.2,1353
753,2014,16.8,15.7,1353
754,2014,33.9,34.3,1353
755,2014,3.9,3.8,1353
756,2014,70.6,77.3,1353
757,2014,4.9,3.6,1353
758,2014,19.593999999999998,21.34,1353
758,2014,0.606,0.6599999999999999,1354
759,2014,15.132,11.348999999999998,1353
759,2014,0.46799999999999997,0.351,1354
760,2014,70.3,48.4,1320
761,2014,727.4,714.8,1320
762,2014,0.8,0.9,1320
763,2014,872.7,864.5,1320
764,2014,30.7,29.1,1320
765,2014,3.2,2.5,1320
766,2014,46.3,42.7,1320
767,2014,0.8,0.3,1352
768,2014,285.7,297.5,1352
769,2014,485.394,490.098,1320
769,2014,9.906,10.002,1352
770,2014,160.0,172.4,1352
771,2014,20.6,31.8,1320
772,2014,11.7,26.6,1350
773,2014,21.3,38.4,1350
774,2014,24.2,17.1,1350
775,2014,28.1,17.3,1320
776,2014,15.7,15.9,1320
777,2014,128.1,68.9,1320
778,2014,123.6,125.3,1320
779,2014,31.2,34.8,1354
780,2014,1.4,0.3,1320
781,2014,2.16,5.8500000000000005,1320
781,2014,0.24,0.65,1353
782,2014,50.9,46.1,1354
783,2014,15.5,13.2,1354
784,2014,38.0,25.5,1354
785,2014,2.5,5.0,1354
786,2014,32.1,25.9,1354
787,2014,177.2,204.4,1354
788,2014,8.5,7.3,1354
789,2014,10.6,9.8,1319
790,2014,14.9,14.7,1354
791,2014,5.9,7.0,1354
792,2014,14.2,15.0,1354
793,2014,57.8,64.2,1354
794,2014,47.4,34.7,1354
795,2014,11.2,7.1,1354
796,2014,820.1,822.1,1354
797,2014,7.3,16.2,1354
798,2014,60.4,48.8,1350
799,2014,38.5,39.4,1350
800,2014,12.998,12.803999999999998,1350
800,2014,0.40199999999999997,0.39599999999999996,1351
801,2014,19.8,20.3,1350
802,2014,28.4,19.8,1350
803,2014,56.3,49.0,1354
804,2014,17.7,18.9,1354
805,2014,25.9,24.4,1351
806,2014,63.0,71.4,1319
807,2014,305.6,272.1,1351
808,2014,36.2,55.2,1351
809,2014,746.2,737.8,1351
810,2014,87.2,85.1,1351
811,2014,3.0,4.1,1319
812,2014,27.4,16.6,1351
813,2014,13.6,14.1,1319
814,2014,9.3,1.8,1319
815,2014,10.8,85.9,1319
816,2014,10.7,7.0,1351
817,2014,37.2,22.4,1351
818,2014,41.1,16.1,1351
819,2014,34.3,24.4,1319
820,2014,62.9,13.6,1351
821,2014,0.0,0.0,1319
822,2014,56.5,21.0,1351
823,2014,5.8,5.0,1351
824,2014,36.5,33.7,1351
825,2014,91.4,70.0,1351
826,2014,11.6,15.7,1351
827,2014,87.7,51.3,1351
828,2014,38.0,32.9,1351
829,2014,8.5,4.1,1351
830,2014,10.0,29.7,1322
831,2014,8.6,3.1,1322
832,2014,66.5,53.4,1322
833,2014,47.1,46.4,1322
834,2014,0.7,13.2,1322
835,2014,5.2,1.8,1322
836,2014,27.3,8.1,1322
837,2014,19.7,14.6,1322
838,2014,105.9,104.3,1322
839,2014,0.7,1.2,1322
840,2014,16.1,18.2,1322
841,2014,8.6,2.9,1322
842,2014,37.7,47.0,1322
843,2014,27.1,14.8,1322
844,2014,0.0,0.0,1322
845,2014,5.6,2.3,1322
846,2014,192.5,344.5,1319
847,2014,109.4,114.5,1319
848,2014,74.9,180.8,1319
849,2014,19.1,17.0,1321
850,2014,560.4,390.9,1319
851,2014,20.2,16.7,1321
852,2014,2.6,3.2,1321
853,2014,9.7,15.4,1321
854,2014,28.5,26.5,1321
855,2014,111.3,121.9,1354
856,2014,55.9,55.5,1354
857,2014,49.0,48.7,1354
858,2014,54.7,50.4,1354
859,2014,1.4,1.3,1354
860,2014,15.2,18.5,1354
861,2014,24.9,21.0,1354
862,2014,6.3,1.9,1321
863,2014,26.7,23.2,1321
864,2014,10.2,13.1,1321
865,2014,1.3,1.7,1321
866,2014,0.8,1.3,1321
867,2014,15.8,24.6,1321
868,2014,23.0,24.4,1318
869,2014,9.6,17.2,1320
870,2014,293.04,308.97900000000004,1320
870,2014,2.96,3.1210000000000004,1353
871,2014,31.8,33.2,1320
872,2014,14.3,9.9,1320
873,2014,104.5,109.8,1320
874,2014,4.2,5.2,1320
875,2014,41.8,45.1,1320
876,2014,9.6,2.6,1320
877,2014,7.3,3.8,1323
878,2014,0.8,0.8,1347
879,2014,23.4,23.4,1347
880,2014,30.0,23.6,1347
881,2014,4.4,7.6,1347
882,2014,0.0,0.0,1347
883,2014,16.9,3.6,1347
884,2014,8.6,4.1,1347
885,2014,6.2,4.6,1347
886,2014,3.0,1.7,1347
887,2014,14.2,10.1,1347
888,2014,10.9,3.6,1347
889,2014,132.7,128.7,1347
890,2014,29.3,35.3,1347
891,2014,29.7,21.3,1347
892,2014,11.0,15.7,1347
893,2014,4.5,13.0,1347
894,2014,80.9,70.0,1347
895,2014,15.9,16.1,1349
896,2014,43.7,52.6,1349
897,2014,89.1,92.1,1349
898,2014,39.1,48.5,1349
899,2014,70.4,75.7,1347
900,2014,32.2,29.3,1347
901,2014,28.7,26.7,1349
902,2014,2.9,2.0,1347
903,2014,2.1,2.4,1349
904,2014,8.9,8.8,1349
905,2014,0.4,0.4,1349
906,2014,3.2,3.1,1348
907,2014,2.3,2.5,1348
908,2014,40.7,41.7,1348
909,2014,5.5,7.8,1348
910,2014,17.3,15.6,1347
911,2014,277.8,270.3,1347
912,2014,9.7,7.0,1347
913,2014,85.1,73.2,1347
914,2014,5.0,11.0,1347
915,2014,21.4,9.3,1347
916,2014,7.5,9.8,1347
917,2014,4.2,5.0,1347
918,2014,0.0,0.0,1347
919,2014,30.6,32.5,1347
920,2014,3.6,3.0,1347
921,2014,12.0,13.3,1347
922,2014,49.0,46.4,1347
923,2014,27.4,29.9,1347
924,2014,9.1,10.7,1347
925,2014,4.5,4.1,1347
926,2014,68.8,63.8,1346
927,2014,21.3,16.4,1346
928,2014,2.2,2.6,1346
929,2014,67.5,61.1,1346
930,2014,7.3,5.9,1346
931,2014,21.2,21.7,1346
932,2014,4.0,2.9,1346
933,2014,34.5,5.8,1346
934,2014,41.5,47.5,1346
935,2014,10.0,11.8,1346
936,2014,2.1,1.5,1346
937,2014,4.1,11.9,1346
938,2014,44.3,36.1,1346
939,2014,1.75,0.315,183
939,2014,1.05,0.189,185
939,2014,1.1500000000000001,0.20700000000000002,186
939,2014,1.05,0.189,187
940,2014,0.047,0.081,176
940,2014,2.5380000000000003,4.374,188
940,2014,0.846,1.458,189
940,2014,1.2690000000000001,2.187,190
941,2014,5.58,5.615,170
941,2014,14.508,14.599,171
941,2014,11.16,11.23,172
941,2014,12.276,12.353,173
941,2014,6.696,6.7379999999999995,174
941,2014,6.696,6.7379999999999995,175
941,2014,12.276,12.353,176
941,2014,8.927999999999999,8.984,177
941,2014,16.74,16.845,178
941,2014,16.74,16.845,179
942,2014,5.684000000000001,4.83,161
942,2014,4.0600000000000005,3.45,162
942,2014,4.0600000000000005,3.45,163
942,2014,3.654,3.105,164
942,2014,3.248,2.7600000000000002,165
942,2014,7.308,6.21,166
942,2014,6.902000000000001,5.865,167
942,2014,2.436,2.07,168
942,2014,3.248,2.7600000000000002,169
943,2014,6.215,8.375,170
943,2014,16.159,21.775000000000002,171
943,2014,12.43,16.75,172
943,2014,13.673,18.425,173
943,2014,7.457999999999999,10.049999999999999,174
943,2014,7.457999999999999,10.049999999999999,175
943,2014,13.673,18.425,176
943,2014,9.944,13.4,177
943,2014,18.645,25.125,178
943,2014,18.645,25.125,179
944,2014,17.248,17.094,161
944,2014,12.32,12.21,162
944,2014,12.32,12.21,163
944,2014,11.088,10.988999999999999,164
944,2014,9.856,9.767999999999999,165
944,2014,22.176,21.977999999999998,166
944,2014,20.944000000000003,20.757,167
944,2014,7.3919999999999995,7.326,168
944,2014,9.856,9.767999999999999,169
945,2014,3.3600000000000003,3.3320000000000003,161
945,2014,2.4000000000000004,2.3800000000000003,162
945,2014,2.4000000000000004,2.3800000000000003,163
945,2014,2.16,2.142,164
945,2014,1.92,1.9040000000000001,165
945,2014,4.32,4.284,166
945,2014,4.08,4.046,167
945,2014,1.44,1.428,168
945,2014,1.92,1.9040000000000001,169
946,2014,6.895,1.54,183
946,2014,4.137,0.924,185
946,2014,4.531,1.0120000000000002,186
946,2014,4.137,0.924,187
947,2014,7.035,3.3249999999999997,183
947,2014,4.221,1.9949999999999999,185
947,2014,4.623,2.185,186
947,2014,4.221,1.9949999999999999,187
948,2014,6.405,9.87,183
948,2014,3.843,5.922,185
948,2014,4.2090000000000005,6.486,186
948,2014,3.843,5.922,187
949,2014,0.7450000000000001,0.685,170
949,2014,1.937,1.781,171
949,2014,1.4900000000000002,1.37,172
949,2014,1.639,1.507,173
949,2014,0.894,0.822,174
949,2014,0.894,0.822,175
949,2014,1.639,1.507,176
949,2014,1.192,1.0959999999999999,177
949,2014,2.235,2.0549999999999997,178
949,2014,2.235,2.0549999999999997,179
950,2014,5.064,3.768,42
950,2014,5.697000000000001,4.239,43
950,2014,5.486000000000001,4.082,5
950,2014,4.853000000000001,3.611,6
951,2014,17.186,18.694000000000003,33
951,2014,15.863999999999997,17.256,34
951,2014,16.525,17.975,40
951,2014,16.525,17.975,41
952,2014,12.325,2.375,35
952,2014,12.325,2.375,36
952,2014,12.325,2.375,38
952,2014,12.325,2.375,39
953,2014,0.5760000000000001,0.8959999999999999,180
953,2014,0.8280000000000001,1.288,181
953,2014,1.0080000000000002,1.568,182
953,2014,1.116,1.736,184
953,2014,0.07200000000000001,0.11199999999999999,86
954,2014,0.0,0.0,450
954,2014,0.0,0.0,456
954,2014,0.0,0.0,457
954,2014,0.0,0.0,474
954,2014,0.0,0.0,475
955,2014,0.245,0.196,435
955,2014,0.255,0.20400000000000001,450
956,2014,0.497,0.609,19
956,2014,0.568,0.696,436
956,2014,1.207,1.479,437
956,2014,0.142,0.174,439
956,2014,0.213,0.26099999999999995,448
956,2014,2.272,2.784,449
956,2014,0.852,1.0439999999999998,458
956,2014,0.284,0.348,459
956,2014,0.7809999999999999,0.957,460
956,2014,0.284,0.348,474
957,2014,0.1,0.4,657
958,2014,0.305,0.225,1233
958,2014,5.794999999999999,4.2749999999999995,656
959,2014,0.1,0.3,655
960,2014,0.0,0.0,1233
960,2014,0.0,0.0,652
961,2014,0.5,0.7,653
962,2014,0.3,0.2,654
963,2014,0.015,0.016,1233
963,2014,1.4849999999999999,1.584,1238
964,2014,0.856,0.919,1234
964,2014,84.744,90.98100000000001,1237
965,2014,0.188,0.348,1233
965,2014,9.212,17.052,1238
966,2014,0.0,0.5,1334
967,2014,0.3,0.5,1334
968,2014,64.1,56.5,1334
969,2014,1.3390000000000002,1.56,1332
969,2014,8.961,10.44,1334
970,2014,18.5,8.4,1334
971,2014,7.0,7.2,1334
972,2014,23.3,32.0,1334
973,2014,0.3,1.1,1334
974,2014,927.0,1007.5,1352
975,2014,284.6,318.6,1320
976,2014,175.2,194.5,1320
977,2014,124.1,148.0,1320
978,2014,238.8,277.5,1320
979,2014,3044.3,3117.4,1320
980,2014,6.0,13.4,1320
981,2014,1.2,2.7,1352
982,2014,1.1,0.7,1520
983,2014,2934.0,2926.3,1522
984,2014,3.1,3.2,1521
985,2014,43.0,51.5,1524
986,2014,45.2,45.5,1525
987,2014,380.9,422.9,1526
988,2014,4965.5,5156.8,1511
989,2014,176.4,193.3,1512
990,2014,38.5,39.9,1516
991,2014,22.2,32.4,1518
992,2014,2141.6,2328.4,1517
993,2014,88.5,115.7,1528
994,2014,3.4,4.5,1527
