ENS,HR_COST,DAY_COST,year
gz1,390,1464,2014
gz2,139,614,2014
gz3,129,812,2014
gz4,223,915,2014
gz5,246,1111,2014
gz6,615,2416,2014
gz7,332,1564,2014
gz8,347,1736,2014
gz9,258,1442,2014
gz10,383,1669,2014
gz11,415,1787,2014
gz12,0,0,2014
gz13,0,0,2014
gz14,0,0,2014
gz15,0,0,2014
gz16,0,0,2014
gz17,0,0,2014
gz18,0,0,2014
gz19,0,0,2014
gz20,0,0,2014
gz21,0,0,2014
gz22,0,0,2014
gz23,0,0,2014
gz24,0,0,2014
gz25,0,0,2014
gz26,0,0,2014
gz27,0,0,2014
gz28,0,0,2014
gz29,0,0,2014
gz30,0,0,2014
gz31,0,0,2014
gz32,0,0,2014
gz33,0,0,2014
gz34,0,0,2014
gz35,0,0,2014
gz36,0,0,2014
gz37,0,0,2014
gz38,0,0,2014
gz39,0,0,2014
gz40,0,0,2014
gz41,0,0,2014
gz42,0,0,2014
gz43,0,0,2014
gz44,0,0,2014
gz1,390,1464,2018
gz2,139,614,2018
gz3,129,812,2018
gz4,223,915,2018
gz5,246,1111,2018
gz6,615,2416,2018
gz7,332,1564,2018
gz8,347,1736,2018
gz9,258,1442,2018
gz10,383,1669,2018
gz11,415,1787,2018
gz12,0,0,2018
gz13,0,0,2018
gz14,0,0,2018
gz15,0,0,2018
gz16,0,0,2018
gz17,0,0,2018
gz18,0,0,2018
gz19,0,0,2018
gz20,0,0,2018
gz21,0,0,2018
gz22,0,0,2018
gz23,0,0,2018
gz24,0,0,2018
gz25,0,0,2018
gz26,0,0,2018
gz27,0,0,2018
gz28,0,0,2018
gz29,0,0,2018
gz30,0,0,2018
gz31,0,0,2018
gz32,0,0,2018
gz33,0,0,2018
gz34,0,0,2018
gz35,0,0,2018
gz36,0,0,2018
gz37,0,0,2018
gz38,0,0,2018
gz39,0,0,2018
gz40,0,0,2018
gz41,0,0,2018
gz42,0,0,2018
gz43,0,0,2018
gz44,0,0,2018
gz1,390,1464,2023
gz2,139,614,2023
gz3,129,812,2023
gz4,223,915,2023
gz5,246,1111,2023
gz6,615,2416,2023
gz7,332,1564,2023
gz8,347,1736,2023
gz9,258,1442,2023
gz10,383,1669,2023
gz11,415,1787,2023
gz12,0,0,2023
gz13,0,0,2023
gz14,0,0,2023
gz15,0,0,2023
gz16,0,0,2023
gz17,0,0,2023
gz18,0,0,2023
gz19,0,0,2023
gz20,0,0,2023
gz21,0,0,2023
gz22,0,0,2023
gz23,0,0,2023
gz24,0,0,2023
gz25,0,0,2023
gz26,0,0,2023
gz27,0,0,2023
gz28,0,0,2023
gz29,0,0,2023
gz30,0,0,2023
gz31,0,0,2023
gz32,0,0,2023
gz33,0,0,2023
gz34,0,0,2023
gz35,0,0,2023
gz36,0,0,2023
gz37,0,0,2023
gz38,0,0,2023
gz39,0,0,2023
gz40,0,0,2023
gz41,0,0,2023
gz42,0,0,2023
gz43,0,0,2023
gz44,0,0,2023
gz1,471,1765,2025
gz2,167,741,2025
gz3,156,979,2025
gz4,268,1104,2025
gz5,296,1340,2025
gz6,742,2914,2025
gz7,399,1887,2025
gz8,419,2093,2025
gz9,311,1740,2025
gz10,462,2012,2025
gz11,501,2155,2025
gz15,0,656,2025
gz16,834,1359,2025
gz17,435,882,2025
gz18,445,906,2025
gz19,771,1414,2025
gz20,883,1803,2025
gz21,236,1022,2025
gz22,137,1099,2025
gz24,397,1044,2025
gz26,442,1161,2025
gz27,595,1515,2025
gz28,448,1191,2025
gz29,261,941,2025
gz30,381,1119,2025
gz31,338,1005,2025
gz32,0,454,2025
gz33,18,633,2025
gz34,181,679,2025
gz35,66,450,2025
gz36,0,302,2025
gz37,191,727,2025
gz39,352,973,2025
gz40,0,563,2025
gz42,258,1167,2025
gz43,442,1161,2025
gz44,191,727,2025
gz1,510,1912,2030
gz2,184,818,2030
gz3,172,1081,2030
gz4,296,1219,2030
gz5,327,1480,2030
gz6,819,3218,2030
gz7,441,2084,2030
gz8,463,2311,2030
gz9,344,1922,2030
gz10,510,2222,2030
gz11,553,2380,2030
gz15,0,656,2030
gz16,834,1359,2030
gz17,435,882,2030
gz18,445,906,2030
gz19,771,1414,2030
gz20,883,1803,2030
gz21,236,1022,2030
gz22,137,1099,2030
gz24,397,1044,2030
gz26,442,1161,2030
gz27,595,1515,2030
gz28,448,1191,2030
gz29,261,941,2030
gz30,381,1119,2030
gz31,338,1005,2030
gz32,0,454,2030
gz33,18,633,2030
gz34,181,679,2030
gz35,66,450,2030
gz36,0,302,2030
gz37,191,727,2030
gz39,352,973,2030
gz40,0,563,2030
gz42,258,1167,2030
gz43,442,1161,2030
gz44,191,727,2030
gz1,549,2059,2035
gz2,201,895,2035
gz3,188,1183,2035
gz4,324,1334,2035
gz5,358,1620,2035
gz6,896,3522,2035
gz7,483,2281,2035
gz8,506,2529,2035
gz9,376,2103,2035
gz10,558,2432,2035
gz11,605,2604,2035
gz15,0,656,2035
gz16,834,1359,2035
gz17,435,882,2035
gz18,445,906,2035
gz19,771,1414,2035
gz20,883,1803,2035
gz21,236,1022,2035
gz22,137,1099,2035
gz24,397,1044,2035
gz26,442,1161,2035
gz27,595,1515,2035
gz28,448,1191,2035
gz29,261,941,2035
gz30,381,1119,2035
gz31,338,1005,2035
gz32,0,454,2035
gz33,18,633,2035
gz34,181,679,2035
gz35,66,450,2035
gz36,0,302,2035
gz37,191,727,2035
gz39,352,973,2035
gz40,0,563,2035
gz42,258,1167,2035
gz43,442,1161,2035
gz44,191,727,2035
gz1,588,2207,2040
gz2,219,973,2040
gz3,205,1285,2040
gz4,353,1449,2040
gz5,389,1760,2040
gz6,974,3826,2040
gz7,525,2478,2040
gz8,550,2747,2040
gz9,409,2285,2040
gz10,606,2642,2040
gz11,657,2829,2040
gz15,0,656,2040
gz16,834,1359,2040
gz17,435,882,2040
gz18,445,906,2040
gz19,771,1414,2040
gz20,883,1803,2040
gz21,236,1022,2040
gz22,137,1099,2040
gz24,397,1044,2040
gz26,442,1161,2040
gz27,595,1515,2040
gz28,448,1191,2040
gz29,261,941,2040
gz30,381,1119,2040
gz31,338,1005,2040
gz32,0,454,2040
gz33,18,633,2040
gz34,181,679,2040
gz35,66,450,2040
gz36,0,302,2040
gz37,191,727,2040
gz39,352,973,2040
gz40,0,563,2040
gz42,258,1167,2040
gz43,442,1161,2040
gz44,191,727,2040
gz1,588,2207,2044
gz2,219,973,2044
gz3,205,1285,2044
gz4,353,1449,2044
gz5,389,1760,2044
gz6,974,3826,2044
gz7,525,2478,2044
gz8,550,2747,2044
gz9,409,2285,2044
gz10,606,2642,2044
gz11,657,2829,2044
gz15,0,656,2044
gz16,834,1359,2044
gz17,435,882,2044
gz18,445,906,2044
gz19,771,1414,2044
gz20,883,1803,2044
gz21,236,1022,2044
gz22,137,1099,2044
gz24,397,1044,2044
gz26,442,1161,2044
gz27,595,1515,2044
gz28,448,1191,2044
gz29,261,941,2044
gz30,381,1119,2044
gz31,338,1005,2044
gz32,0,454,2044
gz33,18,633,2044
gz34,181,679,2044
gz35,66,450,2044
gz36,0,302,2044
gz37,191,727,2044
gz39,352,973,2044
gz40,0,563,2044
gz42,258,1167,2044
gz43,442,1161,2044
gz44,191,727,2044
gz1,682,2561,2050
gz2,254,1129,2050
gz3,238,1491,2050
gz4,410,1682,2050
gz5,451,2043,2050
gz6,1130,4440,2050
gz7,609,2876,2050
gz8,638,3188,2050
gz9,475,2652,2050
gz10,703,3066,2050
gz11,762,3283,2050
gz15,0,656,2050
gz16,834,1359,2050
gz17,435,882,2050
gz18,445,906,2050
gz19,771,1414,2050
gz20,883,1803,2050
gz21,236,1022,2050
gz22,137,1099,2050
gz24,397,1044,2050
gz26,442,1161,2050
gz27,595,1515,2050
gz28,448,1191,2050
gz29,261,941,2050
gz30,381,1119,2050
gz31,338,1005,2050
gz32,0,454,2050
gz33,18,633,2050
gz34,181,679,2050
gz35,66,450,2050
gz36,0,302,2050
gz37,191,727,2050
gz39,352,973,2050
gz40,0,563,2050
gz42,258,1167,2050
gz43,442,1161,2050
gz44,191,727,2050
